<?xml version="1.0" encoding="UTF-8"?><idempiere Name="AD_Menu" Version="1.0.0" idempiereVersion="12.0.0.202412280707" DataBaseVersion="2024-12-24" Description="" Author="SuperUser" AuthorEmail="superuser @ idempiere.com" CreatedDate="Wed Dec 24 07:01:53 GMT 2025" UpdatedDate="Wed Dec 24 07:01:53 GMT 2025" PackOutVersion="100" UpdateDictionary="false" Client="0-SYSTEM-System" AD_Client_UU="11237b53-9592-4af1-b3c5-afd216514b5d">
    <AD_Menu type="table">
        <SeqNo>999</SeqNo>
        <AD_Client_ID>0</AD_Client_ID>
        <AD_Org_ID>0</AD_Org_ID>
        <Name>ZK EE Components Example Test</Name>
        <Description/>
        <Action>X</Action>
        <AD_Window_ID reference="id"/>
        <AD_Workflow_ID reference="id"/>
        <AD_Task_ID reference="id"/>
        <IsActive>Y</IsActive>
        <IsSummary>N</IsSummary>
        <AD_Process_ID reference="id"/>
        <IsSOTrx>Y</IsSOTrx>
        <AD_Form_ID reference="uuid" reference-key="AD_Form">ef5fb8af-208f-4ab3-8b05-72cf0693a831</AD_Form_ID>
        <IsReadOnly>N</IsReadOnly>
        <EntityType>U</EntityType>
        <IsCentrallyMaintained>Y</IsCentrallyMaintained>
        <AD_Menu_UU>e5275197-cbeb-46d6-ad5c-5e1621f8bb16</AD_Menu_UU>
        <AD_InfoWindow_ID reference="id"/>
        <PredefinedContextVariables/>
        <AD_Menu_Trl type="translation">
            <Description/>
            <Name>ZK EE Components Example Test</Name>
            <AD_Language>es_CO</AD_Language>
            <IsActive>Y</IsActive>
            <IsTranslated>N</IsTranslated>
        </AD_Menu_Trl>
        <AD_Form type="table">
            <AD_Client_ID>0</AD_Client_ID>
            <AD_Org_ID>0</AD_Org_ID>
            <IsActive>Y</IsActive>
            <Name>ZK EE Components Example</Name>
            <Description>ZK EE Components Example</Description>
            <Help/>
            <Classname>org.idempiere.zkee.comps.example.AllocationFormController</Classname>
            <AccessLevel>1</AccessLevel>
            <EntityType>U</EntityType>
            <IsBetaFunctionality>N</IsBetaFunctionality>
            <JSPURL/>
            <AD_Form_UU>ef5fb8af-208f-4ab3-8b05-72cf0693a831</AD_Form_UU>
            <AD_CtxHelp_ID reference="id"/>
            <ImageURL/>
            <AD_Form_Trl type="translation">
                <Description/>
                <Help/>
                <Name>zul Payment Allocation</Name>
                <AD_Language>es_CO</AD_Language>
                <IsActive>Y</IsActive>
                <IsTranslated>N</IsTranslated>
            </AD_Form_Trl>
        </AD_Form>
    </AD_Menu>
</idempiere>
